clade	gene	site	alt
A	ORF8	84	S
A.1	ORF1b	1464	C
A.2	N	197	L
A.3	ORF1a	75	E
A.3	ORF1b	1757	L
A.3	ORF8	62	L
B.1	ORF1b	314	L
B.2	ORF3a	251	V
B.1.1.7	ORF1a	1001	I
B.1.1.7	ORF1a	2230	T
B.1.1.7	S	982	A
B.1.351	ORF1a	1655	N
B.1.351	ORF1a	3353	R
B.1.429	ORF1a	265	I
B.1.429	ORF1a	4295	V
B.1.429	S	13	I
B.1.429	S	152	C
B.1.429	S	614	G
B.1.429	N	205	I
B.1.525	E	21	F
B.1.525	N	12	G
B.1.525	M	82	T

B.1.526	ORF1a	3201	P
B.1.526	S	95	I
B.1.526	S	253	G

B.1.526.1	ORF1a	3162	E
B.1.526.1	ORF1a	3209	V

B.1.526.2	ORF1a	1946	S
B.1.526.2	S	477	N
B.1.526.2	S	957	R

P.1	N	80	R
P.1	ORF1a	1188	L
P.1	ORF1b	1264	D
P.1	S	501	Y

B.1.617	nuc	210	T
B.1.617	nuc	27638	C
B.1.617	ORF7a	82	A

B.1.617.1	ORF1a	1567	I
B.1.617.1	ORF1b	1129	C
B.1.617.1	ORF1b	2310	R
B.1.617.1	ORF1b	2312	A

B.1.617.2	M	82	T
B.1.617.2	N	63	G
B.1.617.2	ORF7a	120	I
B.1.617.2	ORF9b	60	A
B.1.617.2	S	19	R

B.1.617.3	N	67	S
B.1.617.3	ORF1a	2344	V
B.1.617.3	ORF1a	2648	I
B.1.617.3	ORF8	26	I